"SOL_mean","SOL_sd"
-7.879378475238e-16,2.99337672047001
