GWAS_name,Threshold,Distance,R2,SOL_mean,SOL_SD,No_SNP
Bellenguez et al.,1.00E-03,1000kb,0.1,0.000415514,0.000337105,1937
FinnGen,1.00E-06,250kb,0.1,0.002860917,0.007873218,81
Jun et al.,1.00E-05,250kb,0.2,0.014803928,0.007789044,85
Kunkle et al. 2019,1.00E-02,1000kb,0.3,-0.005668489,0.000503101,12002
Kunkle  et al. 2021,1.00E-04,250kb,0.3,-0.037393299,0.006307699,157
,,,,,,