"Chromosome","Position","Allele1","Allele2","BETA"
2,127121925,"A","G",0.12035
2,127135234,"T","C",0.12617
11,60177107,"T","C",-0.112623
19,43481304,"A","G",-0.134282
19,43620216,"T","G",0.230152
19,43638619,"G","A",-0.127756
19,43879172,"A","G",0.341684
19,43942698,"G","T",0.35373
19,43996549,"T","C",0.474084
19,44140039,"T","C",0.539589
19,44412778,"C","T",0.393714
19,44451589,"T","C",0.163187
19,44491627,"A","G",0.149331
19,44522586,"C","T",0.168263
19,44534280,"A","G",0.164904
19,44537831,"T","G",0.231186
19,44575638,"G","A",-0.111112
19,44588158,"T","G",0.166715
19,44601112,"T","C",-0.0953076
19,44612709,"T","C",0.154183
19,44685199,"C","T",-0.0964691
19,44690630,"T","G",0.574845
19,44693311,"A","G",0.159841
19,44702661,"T","C",0.345244
19,44712536,"C","T",-0.126353
19,44722081,"T","C",-0.175574
19,44738381,"A","G",0.114078
19,44738916,"A","G",-0.279301
19,44750354,"A","ATTGGC",-0.194205
19,44835638,"A","G",-0.161352
19,44838025,"C","T",0.123359
19,44854769,"T","C",0.756751
19,44857967,"A","G",-0.178267
19,44867581,"A","G",0.185342
19,44879727,"G","T",-0.207827
19,44898409,"G","A",-0.395778
19,44906745,"A","G",0.939619
19,44908822,"T","C",-0.498811
19,44909698,"C","A",0.866043
19,44945208,"G","T",0.270501
19,44948399,"G","T",-0.131363
19,45030783,"T","C",0.157697
19,45090912,"G","A",-0.158767
19,45156348,"A","G",0.268718
19,45168975,"G","A",-0.158919
19,45204659,"G","T",0.198627
19,45209421,"A","G",0.363323
19,45219485,"A","G",0.243332
19,45229581,"C","T",0.307404
19,45298470,"T","G",-0.148088
19,45327689,"A","G",-0.203984
19,45459598,"A","G",0.328572
19,45510248,"A","G",0.140286
19,45638419,"G","A",0.156719
19,45662346,"A","C",-0.140823
19,45702840,"A","G",0.109205
19,45926732,"A","G",0.244773
19,45967176,"A","G",-0.118233
19,46020609,"A","G",0.633758
19,46044262,"A","G",0.314901
19,46209182,"C","T",0.315654
19,46276547,"C","T",0.303054
19,46280475,"T","C",0.610434
19,46393645,"G","GAC",0.252402
19,46450471,"T","C",0.516651
19,44815094,"G","A",-0.420886
19,45046755,"T","C",-0.154973
19,45588389,"A","G",-0.102556
3,69674491,"A","G",-0.168254
8,3064467,"C","T",0.0934669
17,44360386,"A","G",0.0866047
19,1078298,"T","C",0.144948
19,43316656,"G","A",0.115612
19,43973352,"T","G",-0.0918195
19,44799408,"G","T",-0.161908
19,44957750,"G","A",-0.157384
19,44962950,"A","G",-0.265272
19,45190494,"T","C",-0.22714
19,45694524,"A","G",0.369709
19,46087217,"G","A",-0.089083
19,47294305,"T","C",-0.201078
