Study,Mean,SD,N_variants
Bellenguez,0.000415514,0.000337105,1937
FINNGEN,0.002860917,0.007873218,81
Jun,0.014803928,0.007789044,85
Kunkle,-0.005668489,0.000503101,12002
Kunkle_AFR,-0.037393299,0.006307699,157